-- phpMyAdmin SQL Dump
-- version 5.0.1
-- https://www.phpmyadmin.net/
--
-- Host: localhost:3306
-- Generation Time: Jun 25, 2022 at 05:23 PM
-- Server version: 10.4.11-MariaDB
-- PHP Version: 7.4.1

SET SQL_MODE = "NO_AUTO_VALUE_ON_ZERO";
SET AUTOCOMMIT = 0;
START TRANSACTION;
SET time_zone = "+00:00";


/*!40101 SET @OLD_CHARACTER_SET_CLIENT=@@CHARACTER_SET_CLIENT */;
/*!40101 SET @OLD_CHARACTER_SET_RESULTS=@@CHARACTER_SET_RESULTS */;
/*!40101 SET @OLD_COLLATION_CONNECTION=@@COLLATION_CONNECTION */;
/*!40101 SET NAMES utf8mb4 */;

--
-- Database: `db_mbolang`
--
CREATE DATABASE IF NOT EXISTS `db_mbolang` DEFAULT CHARACTER SET utf8mb4 COLLATE utf8mb4_general_ci;
USE `db_mbolang`;

-- --------------------------------------------------------

--
-- Table structure for table `tb_budaya`
--

CREATE TABLE `tb_budaya` (
  `id_budaya` int(11) NOT NULL,
  `name_budaya` varchar(128) NOT NULL,
  `image_budaya` varchar(255) NOT NULL,
  `description_budaya` text NOT NULL,
  `id_kota` int(11) NOT NULL,
  `date_created` date NOT NULL
) ENGINE=InnoDB DEFAULT CHARSET=utf8mb4;

--
-- Dumping data for table `tb_budaya`
--

INSERT INTO `tb_budaya` (`id_budaya`, `name_budaya`, `image_budaya`, `description_budaya`, `id_kota`, `date_created`) VALUES
(21, 'Dugderan', '715766a5-94a6-45d7-ade8-60310a22c595_169.jpg', 'Dugderan adalah tradisi yang menandai bahwa bulan puasa telah tiba. Dugderan dilaksanakan tepat 1 atau 2 hari sebelum bulan puasa. Kata &quot;Dugder&quot; diambil dari perpaduan bunyi dugdug dan bunyi meriam yang mengikuti kemudian yang diasumsikan dengan  &quot;Derr&quot;. Kegiatan ini meliputi Pasar Rakyat yang dimulai sepekan sebelum Dugderan dan karnaval. Ciri khas acara ini adalah Warak Ngendog, sejenis binatang rekaan yang bertubuh kambing dan berkepala naga kulit sisik emas.\r\n\r\nWalikota Semarang memimpin langsung acara tersebut lengkap dengan busana adat Jawa Tengah. Pembukaan acara dugderan diawali dengan upacara dan penampilan para penari.\r\n\r\nPenampilan para penari disusul oleh atraksi warak ngendog. Selanjutnya, rombongan penari, atraksi warak ngendog, dan para warga mengikuti karnaval dengan berjalan kaki menuju Masjid Kauman Semarang, yang merupakan masjid tertua di Kota Atlas.\r\n\r\nDi Masjid Kauman, Gubernur Provinsi Jawa sudah menanti kedatangan Walikota beserta rombongan karnaval.', 1, '2022-06-25'),
(23, 'Sesaji Rewanda', 'monyet_goa_kreo_gunungan_sesaji_rewanda.jpg', 'Tradisi Sesaji Rewanda berlangsung secara meriah di Gua Kreo, Semarang. Tradisi yang selalu dilakukan setelah lebaran itu kental dengan pesan agar masyarakat menjaga harmoni dengan alam.Tujuan utamanya adalah menjaga suatu harmoni alam dan budayanya, saat ditemui di area Gua Kreo, Gunung Pati Semarang. Memang untuk melestarikan alam ini dan sangat bermanfaat untuk masyarakat terutama dalam menangkap tempat wisata, mendatangkan faktor perekonomian\r\nKonon, tradisi Sesaji Rewanda itu berawal dari perjalanan Sunan Kalijaga saat mencari kayu jati yang akan digunakan untuk membangun Masjid Demak sekitar abad ke-15. Saat itu, Sunan Kalijaga yang mengalami hambatan di perjalanan mendapat bantuan dari para monyet di sekitar Gua Kreo.Nah saat perjalanan pulang ini kayu jati yang dialirkan melalui sungai ini tertambat oleh bebatuan, beliau (Sunan Kalijaga) sangat kesulitan untuk mengangkat sampai ke Demak, lalu Sunan Kalijaga melakukan kegiatan bertafakur memohon petunjuk kepada Tuhan. Masyarakat percaya bahwa saat itu para monyet berdatangan dan menolong Sunan Kalijaga. Lalu, Sunan Kalijaga berpesan kepada para monyet untuk tidak ikut melanjutkan perjalanan ke Demak dan menjaga Gua Kreo itu.Jadi Sunan Kalijaga itu memberi suatu pelajaran atau tuntunan untuk memelihara alam semesta ini, untuk memelihara kelestarian tempat iniSesaji Rewanda sendiri berasal dari kata sesaji yang artinya memberi, dan Rewanda yang berarti monyet. Ritual ini, bertujuan untuk mengingat perjalanan Sunan Kalijaga dan pesannya untuk menjaga kelestarian alam termasuk monyet-monyet yang ada di sana.\r\nBiasanya, Sesaji Rewanda dilakukan tiga hari setelah lebaran. Namun, karena menjadi daya tarik wisata, waktu disesuaikan tapi dengan jarak yang tidak terlalu jauh dari lebaran.Kalau tanggalnya sebenarnya kalau acara yang masyarakat sendiri itu H+3 lebaran. Nah karena ini menjadi daya tarik wisata, atraksi budaya, diadakan pada saat sepekan setelah lebaran', 1, '2022-06-25'),
(24, 'Sekaten', 'Screenshot_81.jpg', 'Sekaten merupakan bagian dari adat-istiadat sebagai salah satu upaya masyarakat Jawa untuk menjaga keharmonisan dengan alam, dunia roh, dan sesamanya. Tradisi ini berkembang pada awal pemerintahan kerajaan Islam di Demak. Keraton Surakarta hingga sekarang masih menyelenggarakan beberapa upacara tradisional, salah satunya tradisi sekaten.\r\nTradisi sekaten merupakan bentuk sinkretisasi Hindu dan Islam. Sekaten berasal dari bahasa arab syahadatain yaitu kalimat syahadat yang merupakan suatu kalimat yang harus dibaca oleh seseorang untuk masuk agama Islam, yang memiliki arti tiada tuhan selain Allah dan Nabi Muhammad adalah utusan Allah SWT. \r\nPelaksanaan sekaten bertepatan dengan hari kelahiran Nabi Muhammad yaitu tanggal 5 sampai dengan 12 rabiul awal. Upacara tradisi sekaten dilaksanakan untuk memperingati kelahiran Nabi Muhammad sebagai ungkapan rasa syukur atas berkah yang diberikan oleh Tuhan untuk selalu memberikan perlindungan, dengan selalu mensyukuri karunia-Nya diharapkan akan terhindar dari bahaya dan musibah.\r\nPerayaan sekaten dimulai pada tanggal 5 rabiul awal dan berakhir dengan garebeg maulud tanggal 12 rabiul awal yang ditandai dengan dikeluarkannya gunungan. Gunungan berasal dari kata gunung, terdiri dari berbagai jenis makanan dan sayuran yang diatur bersusun tinggi menyerupai gunung. \r\nHari pertama perayaan sekaten tanggal 5 rabiul awal diawali dengan dikeluarkannya dua buah gamelan yang merupakan peninggalan zaman kerajaan Demak dari dalam keraton. Dua buah gamelan itu dibawa dari dalam keraton lewat alun-alun kemudian dibawa ke masjid agung.', 3, '2022-06-25'),
(25, 'Grebeg sudiro', 'Grebeg-Sudiro-Solo-190120-yud-5.jpg', 'Pada awal-awal penyelenggarannya, Grebeg Sudiro sebenarnya hanyalah event kampung. Namun karena yang diperkenalkan adalah budaya yang unik antara etnis Tionghoa dan etnis Jawa, Pemerintah Kota Solo memberi sambutan positif dan menjadikannya sebagai agenda tahunan pariwisata kota itu.Selain itu, adanya tradisi Grebeg Sudiro juga bisa menarik para wisatawan untuk mengunjungi wilayah Sudiroprajan yang sebagian besar masyarakatnya berprofesi sebagai wiraswasta. Inovasi dan kreativitas yang diciptakan para warganya membuat semakin banyak wisatawan yang tertarik untuk mengikuti tradisi itu.\r\nTradisi Grebeg Sudiro dirayakan setiap menjelang perayaan Tahun Baru Imlek. Dilansir dari Neliti.com, prosesi upacara tradisi itu meliputi persiapan material dan persiapan spiritual.Selain itu malam hari sebelum acara puncak berlangsung, diadakan ritual sedekah bumi berupa arak-arakan menyusuri kampung-kampung dengan iringi musik dan tarian tradisional yang diakhiri dengan doa demi keselamatan bangsa dan makan bersama.Pada hari berikutnya, acara puncak digelar dengan menyelenggarakan kirab budaya kesenian tradisional yang mengiringi arak-arakan gunungan kue keranjang, makanan yang jadi ciri khas perayaan itu. Tradisi itu kemudian diakhiri dengan rebutan kue keranjang oleh warga ataupun penonton yang hadir. Ada 4.000 buah kue keranjang yang disiapkan untuk diperebutkan penonton yang dipercaya bisa membawa berkah.\r\nPada awal-awal penyelenggarannya, Grebeg Sudiro sebenarnya hanyalah event kampung. Namun karena yang diperkenalkan adalah budaya yang unik antara etnis Tionghoa dan etnis Jawa, Pemerintah Kota Solo memberi sambutan positif dan menjadikannya sebagai agenda tahunan pariwisata kota itu.Selain itu, adanya tradisi Grebeg Sudiro juga bisa menarik para wisatawan untuk mengunjungi wilayah Sudiroprajan yang sebagian besar masyarakatnya berprofesi sebagai wiraswasta. Inovasi dan kreativitas yang diciptakan para warganya membuat semakin banyak wisatawan yang tertarik untuk mengikuti tradisi itu.', 3, '2022-06-25'),
(26, 'Perang Obor', 'perang_obor.jpg', 'Warga Desa Tegalsambi, Kecamatan Tahunan memiliki tradisi unik yang diyakini sebagai tolak balak, tradisi tersebut dikenal dengan nama “Perang Obor”. Tradisi yang rutin digelar setiap Senin Pahing malam Selasa Pon di bulan Dzulhijjah atau Besar itu, bersamaan dengan acara sedekah bumi.\r\n\r\nTradisi budaya pesta perang obor dimulai, ditandai dengan disulutnya pelapah kelapa dan daun pisang kering di perempatan desa oleh tokoh adat. Penyulutan api juga dilakukan oleh tamu undangan yang berada di panggung kehormatan tak jauh dari nyala obor pertama di perempatan. Tanpa memilih lawan, para peserta langsung saling memukulkan obor yang telah menyala. Penonton yang berada dekat dengan peserta seketika menyingkir menghindari percikan api, sorak sorai penonton memberi semangat para peserta pun ramai terdengar.\r\n\r\nBagi warga Tegalsambi, perang obor merupakan tradisi turun temurun yang menjadi bagian dari ritual sedekah bumi. Asal mula perang obor berawal dari upaya warga menjauhkan diri dari masa pagebluk yang berikan penyakit pada hewan ternak. Usaha itu dilakukan dengan saling pukul pelepah kelapa dan daun pisang yang dibakar. Dari saling pukul pada masa itu, hewan ternak tiba-tiba sembuh dari penyakit.tradisi perang obor sampai saat ini masih terjaga kesakralan. Tradisi tersebut menurutnya, bagian dari upaya pelestarian budaya dan kearifan lokal Jepara. Meski berbahaya, minat warga untuk mengikuti tradisi perang obor yang digelar rutin setiap tahun tak pernah surut. Padahal tak jarang para peserta maupun penontong menderita luka bakar karena terkena percikan api. Untuk mengantisipasi hal itu, aparat desa menyediakan ramuan yang terbuat dari minyak kelapa dan beragam daun dan bunga.\r\n\r\nPerang obor berlangsung hingga seluruh pelepah kelapa dan daun pisang habis terbakar, tercatat sedikitnya 200 obor habis menjadi abu pada malam itu. Tradisi perang obor yang digelar setiap tahun ini selalu menyita perhatian ribuan orang, baik masyarakat Jepara sendiri maupun wisatawan.', 5, '2022-06-25'),
(27, 'Pesta Lomban', '59491b24-6445-4f30-8626-13356d6e4543.jpeg', 'Pesta Lomban atau dikenal juga dengan nama oleh masyarakat setempat sebagai bakda kupat dan bakda lomban adalah pesta masyarakat nelayan di wilayah Kabupaten Jepara dalam bentuk sedekah laut. Namun kini sudah menjadi milik keseluruhan masyarakat Jepara, bukan nelayan saja. Pusat perayaan ini berada di Pantai Kartini, Jepara, tetapi bisa juga disaksikan di Ujung Gelam, Pantai Koin, Karimunjawa, serta beberapa tempat yang di tentukan sebelumnya.Pesta ini merupakan puncak acara dari Pekan Syawalan yang diselenggarakan pada tanggal 7 Syawal atau 1 minggu setelah hari Raya Idul Fitri yang dirayakan di banyak daerah di Pantai Jepara.\r\nIstilah Lomban oleh sebagian masyarakat Jepara disebutkan dari kata “Lomba-lomba” yang berarti masyarakat nelayan masa itu bersenang-senang melaksanakan lomba-lomba laut yang seperti sekarang masih dilaksanakan setiap pesta Lomban, tetapi ada sebagian mengatakan bahwa kata-kata lomban berasal dari kata “Lelumban” atau brsenang-senang. Semuanya mempunyai makna yang sama yaitu merayakan hari raya dengan bersenang-senang setelah berpuasa Ramadhan sebulan penuh.\r\nMereka mempersiapkan “Amunisi” guna dipergunakan dalam “Perang Teluk Jepara” baik amunisi logistic berupa minuman dan makanan maupun amunisi perang berupa ketupat, lepet dan kolang kaling, guna meramaikan dibawa pula petasan sehingga suasananya ibarat perang masa sekarang Keberangkatan armada perahu ini diiringi dengan gamelan Kebogiro.\r\nBunyi petasan yang memekakkan telinga dan peluncuran “Peluru” kupat dan lepet dari satu perahu ke perahu yang lain. Saat “Perang Teluk” berlangsung dimeriahkan dengan gamelan Kebogiro. Seusai pertempuran para peserta Pesta Lombang bersama-sama mendarat ke Pulau Kelor untuk makan bekalnya masing-masing. Di samping makan bekalnya situasi di Pulau Kelor tersebut ramai oleh para pedagang yang juga menjual makanan dan minuman serta barang-barang kebutuhan lainnya. Selain pesta-pesta tersebut, para nelayan peserta Pesta Lomban tak lupa lebih dahulu berziarah ke makam Encik Lanang yang dimakamkan di Pulau Kelor (pulau kelor sekarang sudah bergabung dengan daratan pulau Jawa yang kini pulau tersebut menjadi kawasan wisata Pantai Kartini). Sebelum sore hari Pesta Lomban berakhir penonton dan peserta pulang ke rumah masing-masing.\r\nPesta Lomban masa kini telah dilaksanakan oleh warga masyarakat nelayan Jepara bahkan dalam perkembangannya sudah menjadi milik warga masyarakat Jepara. Hal ini tampak partisipasinya yang besar masyarakat Jepara menyambut Pesta Lomban. Dua atau tiga hari sebelum Pesta Lomban berlangsung pasar-pasar di kota Jepara tampak ramai seperti ketika menjelang Hari Raya Idul Fitri. Ibu-ibu rumah tangga sibuk mempersiapkan pesta lomban sebagai hari raya kedua. Pedagang bungkusan kupat dengan janur (bahan pembuat kupat dan lepet) juga menjajakan ayam guna melengkapi lauk pauknya.', 5, '2022-06-25'),
(28, 'Kupatan', 'PicsArt_05-26-02_42_06.jpg', 'Lebaran seminggu setelah Idul Fitri inilah di Kabupaten Kudus disebut dengan Kupatan atau lebaran ketupat. Di daerah lain dalam perayaan lebaran adanya ketupat tepat di saat perayaan Idul Fitri. Uniknya di Kudus adanya ketupat hanya di saat lebaran seminggu setelah Idul Fitri.Kupatan Kudus, tradisi lebaran ketupat seminggu setelah Idul Fitri tepatnya pada 8 Syawal tahun Hijriah akan diuraikan secara lengkap di artikel ini.Menurut orang Jawa Kupat kependekan dari kata “ngaku lepat” atau mengaku salah. Dalam perayaan Idul Fitri masyarakat berbagi ketupat sebagai simbol pengakuan kesalahan yang pernah diperbuat baik kepada keluarga, tetangga, maupun teman. Ketupat merupakan simbol permohonan maaf terhadap Allah SWT (habl min Allah) dan manusia (habl min al-nas). Oleh karena itu, ketupat pasti banyak dijumpai di saat lebaran. Selaras dengan makna hari lebaran yang merupakan momentum saling memaafkan di hari yang suci.', 10, '2022-06-25'),
(29, 'Tari kretek', 'koropakcoid-tari-kretek-dan-cerita-buruh-pembuat-rokok-2.jpg', 'Tari kretek merupakan sebuah tari asli Kudus yang menceritakan para buruh rokok yang sedang bekerja membuat rokok, mulai dari pemilihan tembakau hingga rokok siap dipasarkan.\r\n\r\nTarian dibawakan beberapa penari perempuan sebagai representasi buruh mbatil dan penari lelaki sebagai representasi dari seorang mandor.Buruh mbatil adalah buruh rokok yang kerjanya mengguntingi atau merapikan ujung-ujung rokok. Sementara sang mandor adalah bos yang mengawasi buruh rokok dan mempunyai kuasa untuk menyortir atau menyeleksi rokok garapan buruh.\r\n\r\nAwalnya tari Kretek bernama tari Mbatil. Namun, karena nama mbatil tidak begitu dikenal di masyarakat, digantilah dengan tari Kretek. Tari ini mulai populer sejak 1985, yang konon diciptakan seniman Endang Tonny. Dalam tari Kretek, gerakannya terlihat rancak. Dibawakan beberapa penari perempuan yang cantik jelita serta satu penari lelaki. Para penari perempuan menggunakan pakaian khas Kudus, namun bukan pakaian adat. Tak hanya itu, penari perempuan juga memakai caping serta memegang tampah. Adapun yang lelaki hanya memakai blangkon. Kerancakan serta kelincahan penari Kretek tampaknya tidak lepas dari iringan musik gamelan yang mengalun. Lirik lagu menceritakan macam – macam rokok yang ada di Kudus.', 10, '2022-06-25'),
(30, 'Upacara Labuhan', 'labuhan.jpg', 'Labuhan berasal dari kata labuh yang artinya sama dengan larung, yaitu membuang sesuatu ke dalam air (sungai atau laut). Upacara labuhan dalam hal ini berarti memberi sesaji kepada roh halus yang berkuasa di suatu tempat. Asal mula upacara labuhan pada awal masa pemerintahannya Panembahan Senopati mencoba mencari dukungan moril untuk memperkuat kedudukannya. Dukungan itu diperoleh dari Kanjeng Ratu Kidul yaitu makhluk halus penguasa laut selatan (Samudra Indonesia).\r\n\r\nPanembahan Senopati membuat perjanjian kerjasama dengan Kanjeng Ratu Kidul yang pada intinya bahwa Kanjeng Ratu Kidul bersedia membantu segala kesulitan Panembahan Senopati. Sebagai imbalannya, Panembahan Senopati harus memberikan persembahan yang diwujudkan dalam bentuk upacara labuhan. Pada periode-periode berikutnya upacara labuhan menjadi tradisi di Kerajaan Mataram. Karena Kanjeng Ratu Kidul dipercaya hidup sepanjang masa, maka para raja Mataram pengganti Panembahan Senopati tetap melestarikan tradisi labuhan sebagai penghormatan atas ikatan perjanjian tersebut. Apabila kewajiban itu diabaikan oleh anak cucu Panembahan Senopati yang memerintah Mataram, maka menurut kepercayaan, Kanjeng Ratu Kidul akan murka sekali. Akibatnya, Kanjeng Ratu Kidul akan mengirim pasukan jin, dan semua makhluk halus untuk menyebarkan penyakit dan berbagai macam musibah yang akan menimbulkan malapetaka bagi rakyat dan kerajaan Mataram. Namun apabila anak cucu Panembahan Senopati memenuhi kewajibannya dengan melakukan labuhan di Parangkusuma pada waktu tertentu, maka Kanjeng Ratu Kidul akan senantiasa ikut membantu keselamatan rakyat dan kerajaan Mataram. Bahkan jika ada raja Mataram yang meminta bantuan kepadanya, Kanjeng Ratu Kidul dengan senang hati memberikan bantuannya. Kewajiban melaksanakan labuhan ini terus berlangsung sampai sekarang meskipun kerajaan Mataram telah terbagi menjadi dua (yaitu Kasunanan Surakarta dan Kasultanan Yogyakarta) ketika terjadi Perjanjian Giyanti pada tahun 1755.', 4, '2022-06-25'),
(31, 'Buka luwur', '2669344654.jpeg', 'Buka Luwur merupakan salah satu wujud dari hubungan Islam dengan tradisi setempat. Masyarakat Kudus mempunyai banyak sekali upacara tradisional yang khas. Misalnya, Dhandhangan, Bulusan, Tradisi Hutan Masin dan Buka Luwur.\r\nBuka Luwur di Kudus terdapat di dua tempat yaitu di Muria dan di Masjid Menara. Buka Luwur di Muria dalam rangka memperingati wafatnya Sunan Muria sedangkan Buka Luwur di Masjid Menara dalam rangka peringatan wafatnya Sunan Kudus.Fenomena keagamaan seperti ini adalah perwujudan sikap dan perilaku manusia yang menyangkut hal-hal yang dipandang suci, keramat, dan berasal dari sesuatu yang ghaib.\r\nPenyelenggaraan upacara peringatan terhadap orang-orang yang sudah meninggal menjadi tradisi yang sangat kuat, terutama orang yang sudah meninggal tersebut adalah seorang tokoh terkenal dalam bidang agama dan kehidupan sehari-hari. Hal ini terbukti dengan adanya sebuah upacara yang dianggap sakral oleh masyarakat Kudus, yaitu upacara tradisional Buka Luwuryang kesemuanya itu dikemas dalam sebuah ceremony yang menarik\r\nBuka luwur merupakan upacara peringatan wafatnya sunan Kudus atau disebut dengan “Khaul” yang dilaksanakan setiap tanggal 10 Muharram atau 10 Syura. Hal itu disebabkan karena pada tanggal tersebut dianggap keramat. Akan tetapi menurut seorang sesepuh Kudus yang menjadi ulama yang disegani oleh masyarakat Kudus, yaitu KH. Ma’ruf Asnawi yang telah berusia kurang lebih 90 tahun mengatakan bahwa upacara Buka Luwur itu sebenarnya adalah dalama rangka Khaul Mbah Sunan Kudus, yang memang tanggal 10 Muharram atau 10 Syura adalah tanggal wafat beliau.\r\nSecara kronologis, sebenarnya proses upacara Buka Luwur diawali dengan penyucian pusaka yang berupa keris yang diyakini milik Sunan Kudus yang dilaksanakan jauh sebelum tanggal 10 Syuro, yaitu pada akhir Besar (nama bulan sebelum sebelum bulan Syura). Biasanya air bekas untuk mencuci keris tersebut yang dalam bahasa jawa disebut dengan “kolo”, diperebutkan masyarakat yang memiliki keris untuk mencuci kerisnya, karena menghrap “berkah” dari sunan Kudus. Kemudian pada tanggal 1 Syura dilakukan pencopotan kelambu atau kain putih yang menutupi makam. Kelambu atau kain putih itulah yang disebut dengan Luwur. Kelambu atau kain putih bekas penutup makam tersebut menjadi rebutan masyarakat karena untuk mendapatkan “berkah”. Menurut K.H. Ma’ruf Asnawi, pernah pada waktu dulu kelambu atau kain putih penutup makam tidak diganti, kemudian timbul kebakaran pada kelambu tersebut.\r\nPada pagi hari tanggal 10 Muharram setelah Shalat Subuh dimulailah acara penggantian kelambu atau kain putih yang diawali dengan pembacaan ayat suci Al Quran dan tahlil yang hanya khusus diikuti oleh para kyai, lalu mulailah pemasangan kelambu. Bersamaan dengan itu diadakan pembagian makanan yang berupa nasi dan daging yang sudah dimasak kepada masyarakat, yang dibungkus dengan daun jati. Masyarakat bersusah payah untuk mendapatkan nasi dan daging tersebut, sebab makanan tersebut dianggap memiliki berkah dan banyak mengandung kahsiat menyembuhkan penyakit, walaupun hanya mendapatkan sedikit. Nasi tersebut biasa disebut dengan “sego mbah sunan” (nasinya sunan kudus). Setelah acara penggantian kelambu dan pembagian nasi tersebut, berakhir sudah upacara Buka Luwur.\r\nBerbicara masalah upacara tradisional Buka Luwur tentu tidak terlepas dari konteks kebudayaan. Keterkaitan antara kebudayaan dan masyarakat tampak jelas. kebudayaan mengatur kehidupan manusia agar mengerti dan mampu memahami bagaimana ia harus bertindak, berbuat dan menentukan sikap dalam hubungan dengan orang lain. Masyarakat dan kebudayaan senantiasa berkembang dan mengalami perubahan seiring dengan peradaban manusia.Mengatur hubungan antara manusia, kebudayaan menetapkan peraturan-peraturan mengenai apa yang harus dilakukan apa yang dilarang dan lain-lain.', 10, '2022-06-25');

-- --------------------------------------------------------

--
-- Table structure for table `tb_kerajinan`
--

CREATE TABLE `tb_kerajinan` (
  `id_kerajinan` int(11) NOT NULL,
  `name_kerajinan` varchar(64) NOT NULL,
  `image_kerajinan` varchar(255) NOT NULL,
  `description_kerajinan` text NOT NULL,
  `id_kota` int(11) NOT NULL,
  `date_created` date NOT NULL
) ENGINE=InnoDB DEFAULT CHARSET=utf8mb4;

--
-- Dumping data for table `tb_kerajinan`
--

INSERT INTO `tb_kerajinan` (`id_kerajinan`, `name_kerajinan`, `image_kerajinan`, `description_kerajinan`, `id_kota`, `date_created`) VALUES
(2, 'Batik Adisty', 'batik_adisty.jpg', 'Batik adisty adalah batik yang dbiasanya diproduksi penggaron semarang timur. Batik Adisty terinspirasi dari Wana Wisata Penggaron yang terdiri atas hutan pinus.\r\nKarakter batik khas Ungaran agar lebih familiar dinamai oleh Bibit Waluyo, Gubernur Jawa Tengah Periode 2008-2013 mengusulkan nama Cemorosewu, agar dapat menyaingi karakter batik Semarang yang bernama Lawangsewu.\r\nAlasan penamaan tersebut karena karakter Hutan Penggaron yang terkenal akan pinus atau cemaranya. Karena menggunakan proses membatik tradisional, harga yang dibanderol untuk sehelai batik berukuran 115 x 200 cm mulai Rp 200 ribu hingga Rp 5 juta. Rentang harga tersebut menyesuaikan kualitas kain maupun teknik penggarapan batik. Selain bisa membeli batik, di lokasi tersebut juga bisa melihat proses pembuatan batik mulai dari proses penyiapan kain hingga penyantingan. Terdapat pegawai yang tengah melukis kain batik menggunakan malam cair dengan bantuan kuas. Ada pula pegawai yang tengah mencetakkan malam menggunakan stempel batik. Tak hanya dua jenis batik yang diproduksi, ada pula batik kombinasi tulis dan cap dan batik tulis sutra. Sayangnya, saat ini kain sutra yang diproduksi oleh ulat kepompong bisa dikatakan sangat langka, sehingga untuk memproduksi batik sutra akhirnya disiasati dengan menggunakan kain sutra dolby atau sutra Tiongkok.', 1, '2022-06-25'),
(3, 'Kerajinan Relief Kuningan', 'kerajinan-relief-tembaga-dan-kuningan-9-300x300.png', 'Kerajinan relief kuningan adalah pernak Pernik yang terbuat dari kuningan yang dibisa dicari Tepatnya di daerah Jl. Sriwibowo Utara V No 19 Semarang, Jawa Tengah, Indonesia.  Anda dapat memilih dan sekaligus memesan kerajinan relief dari bahan kuningan atau tembaga sesuai dengan keinginan anda. Selain itu, anda juga bisa melihat secara langsung bagaimana pembuatan hiasan kaligrafi yang merupakan kerajinan tangan.\r\nBerbagai motif dan variasi bahan dapat anda jumpai di tempat tersebut. Bahkan anda dapat memesan motif relief dari bahan kuningan atau tembaga sesuai dengan keinginan anda. Cocok sekali untuk hiasan rumah, sehingga rumah anda terlihat lebih elegan.\r\nMengenai harga, jangan khawatir, karena harga yang ditawarkan sangat kompetitif. Dengan membelanjakan uang 200 ribu saja, anda sudah dapat mengkoleksi kerajinan relief kuningan tembaga tersebut. Selain itu, untuk pesanan berskala besar juga bisa. Maklum, meskipun produksi lokal Semarang, namun produk kerajinan relief kuningan ini sudah di ekspor di beberapa negara, misalnya Malaysia dan Mesir. Meskipun tergolong murah, tapi untuk kualitas sangat terjaga. Bahkan dari pengrajin memberikan garansi sampai 20 tahun.', 1, '2022-06-25'),
(4, 'Kerajinan Perak', 'kerajinan_perak.jpg', 'Salah satu produk kriya asli Yogyakarta yang populer dan masih menjadi incaran banyak wisatawan adalah kerajinan perak khas Kotagede.Berada di jantung Kota Yogyakarta, kerajinan perak Kotagede sudah ada sejak zaman Belanda. Awalnya kerajinan perak hanya dikhususkan untuk pesanan Keraton. Namun seiring berjalannya waktu, istri gubernur Belanda kala itu, Mary Agnes, mengembangkan industri kerajinan perak di Kotagede.\r\nSering dijuluki “Jewellery of Jogja”, Kotagede masih menjadi sentra kerajinan perak populer di Indonesia, dan selalu ramai dikunjungi wisatawan domestik maupun mancanegara. Berjejernya berbagai macam toko kerajinan perak menjadi salah satu bukti banyak warga Kotagede yang menggantungkan hidupnya dari subsektor kriya satu ini. Pengrajin di Kotagede dikenal telaten dalam seni menempa, mengukir, dan membentuk perak menjadi berbagai macam bentuk. Kepiawaian mereka dalam membuat ukiran perak sudah dikuasai secara turun-temurun, dari generasi ke generasi. \r\nSeluruh pengrajin perak di Kotagede juga menciptakan ratusan jenis kerajinan yang unik dan sangat khas, mulai dari cincin, bros, miniatur sepeda, miniatur andong, dan berbagai perhiasan hingga aksesori lainnya.  \r\nSeluruh kerajinan perak yang dihasilkan para pengrajin di Kotagede tidak hanya unik dan indah, melainkan menjadi karya seni bernilai tinggi. Harga kerajinan perak yang ditawarkan bervariasi, mulai dari belasan ribu hingga puluhan juta Rupiah, tergantung dari tingkat kerumitan pembuatannya. \r\nSaking indahnya, banyak turis mancanegara berdatangan mencari perhiasaan perak khas Kotagede sebagai aksesori atau cenderamata. Menariknya lagi, keindahan hasil kerajinan perak Kotagede juga banyak yang diekspor ke luar negeri.\r\nTentu saja perkembangan kerajinan perak di Kotagede menjadi langkah awal yang sangat baik bagi perekonomian Indonesia. Mengingat, industri kerajinan perak menjadi salah satu industri kreatif yang potensial untuk terus dikembangkan dan berdaya saing tinggi.', 4, '2022-06-25'),
(5, 'Kerajinan Anyaman', 'kerajinan_anyaman.jpg', 'Desa Wisata Kasongan, sentra kerajinan gerabah yang berada di Kota Yogyakarta ini terkenal dengan aneka kerajinan produksinya mulai dari piring,kuali, kendi, anglo, guci, pot, pigura hingga mainan anak.  Mulanya desa ini adalah tanah persawahan yang dimiliki penduduk desa di zaman penjajahan Belanda. Penduduk desa yang tidak memiliki sawah akhirnya beralih profesi menjadi pengrajin gerabah. Berawal dari hanya mengepal-ngepal tanah untuk disatukan dan dibentuk, namun berkat ketekunan dan kreativitas warga akhirnya Kasongan berhasil dikenal sebagai sentra kerajinan gerabah.\r\n\r\nKini Desa Wisata Kasongan tidak hanya dikenal sebagai penghasil gerabah. Beberapa tahun terakhir pengrajin-pengrajin Kasongan mulai mengembangkan diri menjadi pengrajin anyaman.  Sekarang di sepanjang jalan Kasongan ada banyak toko yang menjual kerajinan anyaman yang disulap menjadi pernak-pernik kekinian, seperti tas, karpet, pot, kotak penyimpanan, hingga kap lampu.\r\nMeski produk asli lokal, tas anyaman dari Kasongan tak kalah dengan tas bermerek luar negeri!  Modelnya pun beragam ada tas tangan, tas selempang, tote bag, sampai tas handphone yang berukuran kecil. Berbagai bahan pun dimanfaatkan,ada yang berbahan lentur, ada pula yang kaku.  Beberapa material yang digunakan diantaranya bambu, rotan, eceng gondok, sigras (pandan laut), pelepah pisang, dan sisal (daun palem muda). di Kasongan juga tersedia kotak penyimpanan dengan berbagai ukuran. Ada yang digunakan untuk menyimpan kosmetik, ada juga yang berukuran besar untuk keranjang pakaian kotor. Harga yang ditawarkan mulai Rp 100 ribu.', 4, '2022-06-25'),
(6, 'Bordis kudus', '20201215_BETANEWS_KDW_BORDIR-KHAS-KUDUS-01.jpg', 'Bordir Kudus merupakan salah satu kerajinan khas Kudus. Bordir terbuat dari bahan dasar kain dan benang. Bordir termasuk kerajinan ragam hias yang menitikberatkan pada keindahan dan komposisi warna benang yang dituangkan pada kain dengan alat bantu mesin jahit (mesin jahit bordir) atau mesin jahit computer dengan dibantu alat-alat penunjang lain yaitu gunting kain, gunting kertas, solder, jarum pentul, paku jahit, kain furing, kain kasa, pencil, penggaris, kuter, kertas karton, kertas roti, penghapus, jarum bordir, benang bordir, ring (pembidangan).', 10, '2022-06-25'),
(7, 'Miniatur Kudus', 'download_(8).jpg', 'Meski dibuat secara konvensional dengan bahan baku lokal, namun pangsa pasar kerajinan miniatur ternyata bisa menembus pangsa pasar luar negeri. Seperti kerajinan Menara Kudus yang dihasilkan oleh perajin yang berada di Desa Bacin, Kecamatan Bae Kudus. Utamanya negara tetangga, walaupun persentasenya masih kecil.\r\n\r\nPerajin sekaligus pelopor perajin Menara Kudus, Hariyanto menggunakan bahan baku kayu asal Desa Bacin, Kecamatan Bae Kudus. Harianto menjelaskan bahwa sebenarnya tidak ada yang istimewa dari pemasaran produk yang diproduksinya dan‚ polanya masih sama, yakni dari mulut ke mulut. Hanya saja kebetulan ada beberapa pedagang suvenir yang datang dan kemudian mendapatkan pesanan dari negara tetangga yakni Malaysia. Pemesanannya juga langsung dalam jumlah yang cukup banyak Hal‚ ini diadaptasi oleh pembeli lainnya yang juga berasal dari luar negeri.', 10, '2022-06-25'),
(8, 'Ukiran khas jepara', 'ciri_khas_ukiran_jepara_width-800.jpg', 'Ukiran Jepara atau seni ukir Jepara merupakan seni ukir khas yang berasal dari Jepara. Jepara yang terkenal dengan sebutan Kota Ukir, kini berubah menjadi Kota Ukir Dunia. Setelah meningkatkan citra Jepara “The World Carving Center”, karena produk-produk ukir Jepara sudah sangat terkenal dan sangat banyak penyuka seni ukiran Jepara dari berbagai negara. AS Merupakan Negara Tujuan Ekspor Terbesar Jepara. Negara tujuan ekspor mebel Ukiran Jepara tahun 2015 juga mengalami kenaikan menjadi 113 negara dengan jumlah eksportir sebanyak 296 pengekspor, sedangkan tahun 2014 nilai ekspornya hanya 114,78 juta dolar AS dengan 223 pengekspor untuk negara tujuan 106 negara.', 5, '2022-06-25'),
(9, 'Kerajinan Monel', 'images_(1).jpg', 'Kerajinan Monel merupakan perhiasan terbuat dari baja putih yang anti karat, dan berhasil menjadi ciri khas Jepara setelah dirintis para perajin di Desa Kriyan, Kecamatan Kalinyamatan sejak tahun 1970-an. Monel adalah paduan kombinasi dua atau lebih elemen yang setidaknya satu adalah logam, dan dimana materi yang dihasilkan memiliki sifat logam. Hal ini didasarkan pada nikel 65-70 dan tembaga 20-29 dan juga mengandung zat besi dan mangan 5 dan senyawa lainnya.Kerajinan monel yang dimaksud dalam penelitian ini adalah suatu proses pekerjaan yang mengolah bahan baku monel menjadi berbagai macam produk aksesoris dan perhiasan seperti kalung, gelang, anting-anting, giwang, cincin, leontin dan lain sebagainya.', 5, '2022-06-25'),
(10, 'Wayang Kulit', 'images_(2).jpg', 'Wayang kulit adalah seni tradisional Indonesia yang terutama berkembang di Jawa Tengah dan Jawa Timur. Wayang berasal dari kata &quot;Ma Hyang&quot; yang artinya menuju kepada roh spiritual, dewa, atau Tuhan Yang Maha Esa. Ada juga yang mengartikan wayang adalah istilah bahasa Jawa yang bermakna &quot;bayangan&quot;, hal ini disebabkan karena penonton juga bisa menonton wayang dari belakang kelir atau hanya bayangannya saja. Wayang kulit dimainkan oleh seorang dalang yang juga menjadi narator dialog tokoh-tokoh wayang, dengan diiringi oleh musik gamelan yang dimainkan sekelompok nayaga dan tembang yang dinyanyikan oleh para pesinden. Dalang memainkan wayang kulit di balik kelir, yaitu layar yang terbuat dari kain putih, sementara di belakangnya disorotkan lampu listrik atau lampu minyak (blencong), sehingga para penonton yang berada di sisi lain dari layar dapat melihat bayangan wayang yang jatuh ke kelir. Untuk dapat memahami cerita wayang (lakon), penonton harus memiliki pengetahuan akan tokoh-tokoh wayang yang bayangannya tampil di layar.\r\n\r\nSecara umum wayang mengambil cerita dari naskah Mahabharata dan Ramayana, tetapi tak dibatasi hanya dengan pakem (standard) tersebut, ki dalang bisa juga memainkan lakon carangan (gubahan). Beberapa cerita diambil dari cerita Panji, maupun kisah Rohani dari agama Islam, Kristen, Hindu, Budha.', 3, '2022-06-25'),
(11, 'Kain Lurik', 'images_(3).jpg', 'Kain lurik merupakan salah satu kain tradisional Indonesia yang memiliki pesona tersendiri dengan pola hias berbentuk garis-garis sederhana yang diselingi beraneka warna benang. Selain dimanfaatkan sebagai bahan pakaian, kain lurik yang diciptakan dalam motif-motif tertentu juga biasa digunakan sebagai simbol dalam ritual keagamaan, upacara perkawinan, ruwatan, siraman, mitoni serta upacara tradisional lainnya. Berdasarkan catatan sejarah, kain lurik yang terkesan begitu eksklusif dan sarat akan makna konon telah dikenal secara luas oleh masyarakat jawa sejak zaman pra sejarah. Solo Raya merupakan sentra produksi Kain lurik ini dan yang terbesar ada di Pedan Klaten', 3, '2022-06-25');

-- --------------------------------------------------------

--
-- Table structure for table `tb_kota`
--

CREATE TABLE `tb_kota` (
  `id_kota` int(11) NOT NULL,
  `name_kota` varchar(255) NOT NULL,
  `image_kota` varchar(255) NOT NULL,
  `description` text NOT NULL,
  `link` varchar(255) NOT NULL
) ENGINE=InnoDB DEFAULT CHARSET=utf8mb4;

--
-- Dumping data for table `tb_kota`
--

INSERT INTO `tb_kota` (`id_kota`, `name_kota`, `image_kota`, `description`, `link`) VALUES
(0, 'Admin', '', '', ''),
(1, 'Semarang', 'tugu_muda.jpg', 'Kota Semarang adalah ibu kota Provinsi Jawa Tengah, Indonesia. Kota ini sekaligus menjadi Kota metropolitan terbesar kelima di Indonesia setelah Jakarta, Surabaya, Bandung, dan Medan. Sebagai salah satu kota paling berkembang di Pulau Jawa, Kota Semarang mempunyai jumlah penduduk sekitar 1,6 juta jiwa. ', 'https://www.semarangkota.go.id/'),
(3, 'Surakarta', 'Surakarta.jpg', 'Surakarta atau Solo adalah kota di Jawa Tengah, Indonesia, dengan penduduk 522.364 jiwa (2020) dan kepadatan 11.861,00/km2.[2] Kota dengan luas 44,04 km2 ini, berbatasan dengan Kabupaten Karanganyar dan Kabupaten Boyolali di sebelah Utara, Kabupaten Karanganyar dan Kabupaten Sukoharjo di sebelah Timur dan Barat, dan Kabupaten Sukoharjo di sebelah Selatan.[6] Kota ini juga merupakan kota terbesar ketiga di pulau Jawa bagian Selatan setelah Bandung dan Malang menurut jumlah penduduk. Sisi Timur kota ini dilewati sungai yang terabadikan dalam salah satu lagu keroncong, Bengawan Solo. Bersama dengan Yogyakarta, Surakarta merupakan pewaris Kerajaan Mataram Islam yang dipecah melalui Perjanjian Giyanti, pada tahun 1755. Kota ini termasuk kawasan Solo Raya.\r\n', 'https://surakarta.go.id/'),
(4, 'Yogyakarta', 'Jogja1.jpg', 'Daerah Istimewa Yogyakarta adalah Daerah Istimewa setingkat provinsi di Indonesia yang merupakan peleburan Negara Kesultanan Yogyakarta dan Negara Kadipaten Paku Alaman. Daerah Istimewa Yogyakarta terletak di bagian selatan Pulau Jawa, dan berbatasan dengan Provinsi Jawa Tengah dan Samudera Hindia. Daerah Istimewa yang memiliki luas 3.185,80 km2 ini terdiri atas satu kota, dan empat kabupaten, yang terbagi lagi menjadi 78 kapanewon/kemantren, dan 438 kalurahan/kelurahan. Menurut sensus penduduk 2010 memiliki populasi 3.452.390 jiwa dengan proporsi 1.705.404 laki-laki, dan 1.746.986 perempuan, serta memiliki kepadatan penduduk sebesar 1.084 jiwa per km2.\r\n', 'https://jogjaprov.go.id/'),
(5, 'Jepara', 'jepara-1.jpg', 'Jepara adalah salah satu kabupaten di Provinsi Jawa Tengah, Indonesia. Beribu kota dengan nama yang sama. Kabupaten ini berbatasan dengan Laut Jawa di barat dan utara, Kabupaten Pati dan Kabupaten Kudus di timur, serta Kabupaten Demak di selatan. Wilayah Kabupaten Jepara juga meliputi Kepulauan Karimunjawa, yang berada di Laut Jawa.\r\n', 'https://jepara.go.id/'),
(10, 'Kudus', 'kota-kretek.jpg', 'Kudus dikenal sebagai kota penghasil rokok (kretek) terbesar di Jawa Tengah dan juga dikenal sebagai kota santri. Kota ini adalah pusat perkembangan agama Islam pada abad pertengahan. Hal ini dapat dilihat dari adanya tiga makam wali/sunan, yaitu Sunan Kudus, Sunan Muria, dan Sunan Kudus\r\nSebagian besar wilayah Kabupaten Kudus adalah dataran rendah. Di sebagian wilayah utara terdapat pegunungan (yaitu Gunung Muria), dengan puncak Puncak Saptorenggo (1.602 m dpl), Puncak Rahtawu (1.522 m dpl), dan Puncak Argojembangan (1.410 m dpl). Sungai terbesar adalah Sungai Serang yang mengalir di sebelah barat, membatasi Kabupaten Kudus dengan Kabupaten Demak. Kudus dibelah oleh Sungai Gelis di bagian tengah sehingga terdapat istilah Kudus Barat dan Kudus Timur. Kabupaten Kudus adalah kabupaten dengan wilayah terkecil di Jawa Tengah..', 'https://kuduskab.go.id/');

-- --------------------------------------------------------

--
-- Table structure for table `tb_kuliner`
--

CREATE TABLE `tb_kuliner` (
  `id_kuliner` int(11) NOT NULL,
  `name_kuliner` varchar(64) NOT NULL,
  `image_kuliner` varchar(255) NOT NULL,
  `description_kuliner` text NOT NULL,
  `date_created` date NOT NULL,
  `id_kota` int(11) NOT NULL
) ENGINE=InnoDB DEFAULT CHARSET=utf8mb4;

--
-- Dumping data for table `tb_kuliner`
--

INSERT INTO `tb_kuliner` (`id_kuliner`, `name_kuliner`, `image_kuliner`, `description_kuliner`, `date_created`, `id_kota`) VALUES
(1, 'Lumpia', 'Lumpia.jpg', 'Lumpia adalah salah satu kudapan ringan yang cocok disantap di mana saja, dalam berbagai acara. Camilan populer yang satu ini dibuat dan dijual di berbagai tempat, dengan berbagai macam isian. Anda dapat memilih untuk menyantap lumpia dengan isi yang sesuai dengan selera Anda.', '2022-06-24', 1),
(2, 'Roti gandjel rel', 'Roti_ganjel_rel.jpg', 'Roti ganjel rel adalah roti khas Semarang. Meskipun termasuk makanan khas Betawi, roti ini jarang ditemui dan harus blusukan ke pasar tradisional, seperti Pasar Johar. Dengan terbakarnya Pasar Johar pada Mei 2015 , roti ini semakin jarang ditemui. Roti ganjel rel kurang dikenal dibandingkan roti lainnya karena teksturnya tidak lembut sehingga agak alot (bantat) dan sulit dikonsumsi. Namun, beberapa produsen kini telah memodifikasi teksturnya agar dapat dinikmati pada zaman modern kini. Tekstur ganjel rel yang agak alot ini menurut para ahli roti sangat baik bagi pencernaan. Roti ini juga dikenal sebagai salah satu oleh-oleh khas Semarang.\r\n\r\nRoti ini berbentuk kotak dan berwarna cokelat bertabur wijen, roti ini bercita rasa kayu manis. Teksturnya ulet dan padat dipadu dengan aroma cokelat serta kayu manis yang nendang di lidah. Karena teksturnya yang ulet, memakannya dua potong saja sudah cukup mengenyangkan perut.\r\n\r\nRoti ini selalu menjadi rebutan masyarakat Semarang saat perayaan Dugderan, acara pembagian roti di tengah tradisi menjelang Ramadan yang menjadi acara yang dinanti warga. Ribuan warga bahkan rela berdesakan untuk mendapatkan kue tersebut karena dipercaya mampu memperkuat diri ketika menjalankan ibadah puasa.', '2022-06-24', 1),
(3, 'Gudeg', 'gudeg.jpg', 'Gudeg Merupakan salah satu makanan khas nusantara yang sangat melekat dengan Kota Yogyakarta. Dengan popularitasnya tak heran jika kota yang satu ini kerap disebut dengan nama Kota Gudeg.\r\nHal ini sudah tak aneh lagi karena makanan yang satu ini memang sudah lama sekali dikenal oleh masyarakat Yogyakarta.\r\nSederhananya gudeg Jogja merupakan masakan yang terbuat dari nangka muda yang dipadukan dengan berbagai bumbu.\r\nCara pembuatannya cukup sederhana nangka tersebut mulanya direbus dengan tambahan gule serta santan kelapa. Tak lupa berbagai bumbu pelengkap pun ditambahkan sehingga membuat cita rasa yang khas.\r\nBiasanya olahan makanan ini dihidangkan bersama nasi putih serta tambahan toping lainnya seperti ayam, telur rebus, tahu-tempe serta sambal goreng krecek.', '2022-06-25', 4),
(4, 'Bakpia pathuk', 'bakpia-pathuk.jpg', 'Bakpia pathuk adalah kue berbentuk bulat pipih, terbuat dari campuran kacang hijau dengan gula, yang dibungkus dengan tepung, lalu dipanggang. Bakpia asal mulanya berasal dari daratan Tiongkok. Bakpia Pathuk adalah salah satu varian Bakpia yang berkembang di Yogyakarta Saat ini Bakpia Pathuk sudah menjadi salah satu makanan khas sekaligus oleh-oleh khas dari Yogyakarta. Ini merupakan salah satu wujud nyata akulturasi budaya Tiongkok dan budaya Jawa, dalam hal ini Yogyakarta.\r\nPenganan bakpia khas Yogyakarta kini berkembang luas tak hanya berpusat di Pathuk. Ada pula Bakpia Minomartani di Desa Minomartani, Kecamatan Ngaglik, Sleman, dan Bakpia Japon di Desa Trimurti, Kecamatan Srandakan, Bantul, yang diproduksi oleh banyak industri rumah tangga. Penjualan bakpia sebagian besar bersandar pada sektor pariwisata. Karena itulah penjualan selalu melonjak tinggi saat liburan', '2022-06-25', 4),
(5, 'Tengkleng', 'download_(2).jpg', 'Tengkleng adalah masakan sejenis sup dengan bahan utama tulang kambing. Sejarah tengkleng konon menurut para tetua di kota Solo hanya para bangsawan dan orang-orang Belanda saja yang bisa menikmati masakan daging kambing. Hanya kepala, kaki, dan tulang saja yang tersisa untuk pekerja dan tukang masak. Para juru masak pada waktu itu tak kurang akal, maka dimasaklah tulang-tulang itu yang tentunya masih menempel sedikit daging. Masakan ini berasal dari Solo. Bentuk fisik dari tengkleng hampir mirip dengan gulai kambing, tetapi kuahnya lebih encer ada juga tengkleng dengan sedikit kuah.', '2022-06-25', 3),
(6, 'Serabi Notosuman', 'download_(3).jpg', 'Serabi Solo atau surabi Notosuman adalah sebuah makanan ringan yang berasal dari Solo, Jawa Tengah. Makanan ini terbuat dari tepung beras yang dicampur dengan santan dan digoreng di atas arang mirip pancake ( roti loyang ) atau pancake. Srabi adalah jajanan khas dari Solo yang terbuat dari santan kelapa dicampur dengan sedikit tepung, yang menjadikannya bercitarasa gurih. Biasa juga diberi taburan berupa potongan pisang, nangka atau bahkan meses dan keju bila suka. Srabi yang terkenal berasal dari daerah Notokusuman, yang sering disingkat menjadi Notosuman (Srabi Notosuman).', '2022-06-25', 3),
(7, 'Soto kudus', 'download_(4).jpg', 'Soto kudus adalah soto yang berasal dari Kudus, Jawa Tengah . Soto kudus, hampir mirip dengan soto Lamongan, soto kudus berisi suwiran ayam dan taoge. Terkadang soto kudus juga menggunakan daging kerbau. Kuahnya lebih bening.\r\nSoto kudus dalam penyajiannya memiliki tradisi dihidangkan dalam mangkuk kecil untuk satu porsi soto. Persis dengan soto lainnya, soto kudus ditemani sambal dan jeruk nipis. Hidangan soto Kudus tidak hanya dapat ditemukan di Kudus, saat ini juga dapat ditemui di berbagai kota di Indonesia.\r\n\r\nSoto kudus tidak ada yang menggunakan daging sapi karena penghormatan muslim Kudus terhadap agama Hindu, yang mana sapi adalah hewan yang mereka anggap suci. Namun hal ini hanya sebatas anjuran yang berasal dari Sunan Kudus. Dia mengajari Orang Islam untuk menghargai agama lain, khususnya agama Hindu.Ini disebabkan ketika itu di Kudus banyak orang yang memeluk agama Hindu. Hal ini merupakan bentuk toleransi yang telah diajarkan oleh Sunan Kudus pada pemeluk agama Islam yang tinggal di daerah Kudus. Budaya itu pun masih berlaku sampai sekarang.', '2022-06-25', 10),
(8, 'Nasi pindang daging', 'images.jpg', 'Soto kudus adalah soto yang berasal dari Kudus, Jawa Tengah . Soto kudus, hampir mirip dengan soto Lamongan, soto kudus berisi suwiran ayam dan taoge. Terkadang soto kudus juga menggunakan daging kerbau. Kuahnya lebih bening.\r\n\r\nSoto kudus dalam penyajiannya memiliki tradisi dihidangkan dalam mangkuk kecil untuk satu porsi soto. Persis dengan soto lainnya, soto kudus ditemani sambal dan jeruk nipis. Hidangan soto Kudus tidak hanya dapat ditemukan di Kudus, saat ini juga dapat ditemui di berbagai kota di Indonesia.\r\n\r\nSoto kudus tidak ada yang menggunakan daging sapi karena penghormatan muslim Kudus terhadap agama Hindu, yang mana sapi adalah hewan yang mereka anggap suci. Namun hal ini hanya sebatas anjuran yang berasal dari Sunan Kudus. Dia mengajari Orang Islam untuk menghargai agama lain, khususnya agama Hindu.Ini disebabkan ketika itu di Kudus banyak orang yang memeluk agama Hindu. Hal ini merupakan bentuk toleransi yang telah diajarkan oleh Sunan Kudus pada pemeluk agama Islam yang tinggal di daerah Kudus. Budaya itu pun masih berlaku sampai sekarang.', '2022-06-25', 10),
(9, 'Bongko mentho', 'download_(5).jpg', 'Bongko mento adalah salah satu sajian asal Keraton Jepara (Kerajaan Kalinyamat). Sajian yang dibungus dengan daun pisang ini berisi dadar yang telah diisi dengan tumisan suwiran dada ayam yang dicampur dengan jamur kuping, soun, dan santan. Kudapan ini bisa menjadi pilihan snack gurih untuk arisan atau pesta kecil di rumah.', '2022-06-25', 5),
(10, 'Rondo Royal', 'download_(6).jpg', 'Rondho royal atau monyos adalah salah satu makanan ringan traditional khas Jepara yang terbuat dari tepung beras yang diisi dengan tape dan digoreng. sehingga mempunyai rasa yang unik asin, asam dan manis. Makanan ini biasa disajikan dalam keadaan masih hangat, yang dapat membuat rasanya lebih nikmat, pas dengan lidah orang Jepara. Makanan ini banyak dijual di pasar-pasar tradisional Jepara.', '2022-06-25', 5);

-- --------------------------------------------------------

--
-- Table structure for table `tb_user`
--

CREATE TABLE `tb_user` (
  `id_user` int(11) NOT NULL,
  `name_user` varchar(128) NOT NULL,
  `email` varchar(64) NOT NULL,
  `password` varchar(255) NOT NULL,
  `id_role` int(1) NOT NULL,
  `id_kota` int(11) DEFAULT NULL,
  `avatar` varchar(255) NOT NULL,
  `is_active` int(1) NOT NULL,
  `date_created` date NOT NULL
) ENGINE=InnoDB DEFAULT CHARSET=utf8mb4;

--
-- Dumping data for table `tb_user`
--

INSERT INTO `tb_user` (`id_user`, `name_user`, `email`, `password`, `id_role`, `id_kota`, `avatar`, `is_active`, `date_created`) VALUES
(1, 'Admin m-bolang', 'admin@gmail.com', '$2y$10$S3aZgQrG.6v2wsvYcUJDE.q4EYzKcf47s49DsikzA4jjH21ut1AQm', 1, 0, 'm-Bolang_(2).png', 1, '2022-06-25'),
(4, 'Pemkot Semarang', 'semarang@gmail.com', '$2y$10$sRxb60ZA6BC5qHb3yrLVNe/.FQQxorF8HIkvCwmo7/9Z.WqFbB8Zq', 2, 1, 'default.jpg', 1, '2022-06-25');

-- --------------------------------------------------------

--
-- Table structure for table `tb_wisata`
--

CREATE TABLE `tb_wisata` (
  `id_wisata` int(11) NOT NULL,
  `name_wisata` varchar(128) NOT NULL,
  `image_wisata` varchar(255) NOT NULL,
  `description_wisata` text NOT NULL,
  `link` varchar(255) NOT NULL,
  `id_kota` int(11) NOT NULL,
  `date_created` date NOT NULL
) ENGINE=InnoDB DEFAULT CHARSET=utf8mb4;

--
-- Dumping data for table `tb_wisata`
--

INSERT INTO `tb_wisata` (`id_wisata`, `name_wisata`, `image_wisata`, `description_wisata`, `link`, `id_kota`, `date_created`) VALUES
(1, 'Kota Lama', 'Kota_lama.jpg', 'Kota Lama Semarang  adalah suatu kawasan di Semarang yang menjadi pusat perdagangan pada abad 19-20 . Pada masa itu, untuk mengamankan warga dan wilayahnya, kawasan itu dibangun benteng, yang dinamai benteng Vijfhoek. Untuk mempercepat jalur perhubungan antar ketiga pintu gerbang dibenteng itu maka dibuat jalan-jalan perhubungan, dengan jalan utamanya dinamai Heerenstraat. Saat ini bernama Jl. Letjen Soeprapto. Salah satu lokasi pintu benteng yang ada sampai saat ini adalah Jembatan Berok, yang disebut De Zuider Por. Kata \'Berok\' sendiri merupakan hasil pelafalan masyarakat Pribumi yang kesulitan melafalkan kata \'Burg\' dalam Bahasa Belanda.', 'https://goo.gl/maps/y2joUF3oCX4KcsFRA', 1, '2022-06-25'),
(2, 'Lawang Sewu', 'lawang_sewu.jpg', 'Lawang Sewu adalah gedung bersejarah milik PT Kereta Api Indonesia (Persero) yang awalnya digunakan sebagai Kantor Pusat perusahaan kereta api swasta Nederlandsch-Indische Spoorweg Maatschappij (NISM). Gedung Lawang Sewu dibangun secara bertahap di atas lahan seluas 18.232 m2. Bangunan utama dimulai pada 27 Februari 1904 dan selesai pada Juli 1907. Sedangkan bangunan tambahan dibangun sekitar tahun 1916 dan selesai tahun 1918.\r\nBangunannya dirancang oleh Prof. Jakob F. Klinkhamer dan B.J. Ouendag, arsitek dari Amsterdam dengan ciri dominan berupa elemen lengkung dan sederhana. Bangunan di desain menyerupai huruf L serta memiliki jumlah jendela dan pintu yang banyak sebagai sistem sirkulasi udara. Karena jumlah pintunya yang banyak maka masyarakat menamainya dengan Lawang Sewu yang berarti seribu pintu.\r\n\r\nSelain desain bangunanya yang unik, Lawang Sewu memiliki ornamen kaca patri pabrikan Johannes Lourens Schouten. Kaca patri tersebut bercerita tentang kemakmuran dan keindahan Jawa, kekuasaan Belanda atas Semarang dan Batavia, kota maritim serta kejayaan kereta api. Ragam hias lainnya pada Lawang Sewu antara lain ornamen tembikar pada bidang lengkung di atas balkon, kubah kecil di puncak menara air yang dilapisi tembaga, dan puncak menara dengan hiasan perunggu.\r\nSaat ini Gedung Lawang Sewu dimanfaatkan sebagai museum yang menyajikan beragam koleksi dari masa ke masa perkeretaapian di Indonesia. Koleksi yang dipamerkan antara lain: koleksi Alkmaar, mesin Edmonson, Mesin Hitung, Mesin Tik, Replika Lokomotif Uap, Surat Berharga dan lain-lain. Lawang Sewu menyajikan proses pemugaran gedung Lawang Sewu yang terdiri dari foto, video, dan material restorasi. Mendekati pintu keluar, terdapat perpustakaan berisikan buku-buku tentang kereta api.', 'https://www.semarangkota.go.id/', 1, '2022-06-25'),
(3, 'Pantai kartini', 'Pantai_kartini__jpg.jpg', 'Pantai Kartini adalah objek wisata pantai di Bulu, Jepara, Jawa Tengah. Pantai ini terletak 2,5 km arah barat dari pendopo Kantor Bupati Jepara. Kawasan dengan luas lahan 3,5 ha ini merupakan kawasan yang strategis, karena sebagai jalur transportasi laut menuju objek wisata Taman laut Nasional Karimunjawa dan Pulau Panjang. Selain itu Pantai Kartini, tidak bisa lepas dari suatu acara tradisional yang disebut “Lomban”. Acara ini merupakan acara budaya masyarakat Jepara yang berlangsung selama 1 hari tepatnya pada tanggal 8 Syawal atau seminggu setelah Hari Raya Idul Fitri.[1] Pantai Kartini disebut juga &quot;Pemandian&quot; yang terletak di bagian barat Pantai Kartini, karena pada awalnya digunakan sebagai pemandian yang dipercayai masyarakat dapat menyembuhkan penyakit reumatik, gatal-gatal.', 'https://g.page/KartiniBeach?share', 5, '2022-06-24'),
(4, 'Pulau karimun jawa', 'Karimun_jawa.jpg', 'Karimunjawa adalah kepulauan di Laut Jawa yang termasuk dalam Kabupaten Jepara, Jawa Tengah. Dengan luas daratan ±1.500 hektare dan perairan ±110.000 hektare, Karimunjawa kini dikembangkan menjadi pesona wisata Taman Laut yang mulai banyak digemari wisatawan lokal maupun mancanegara.\r\n\r\nMenurut legenda lokal, Karimunjawa ditemukan oleh Sunan Nyamplungan. Kala itu, Sunan Muria memerintahkan Amir Hasan ke sebuah pulau yang terlihat kremun-kremun (kabur) dari puncak Gunung Muria untuk mengembangkan ilmu agamanya. Karena terlihat kremun-kremun, akhirnya pulaunya dinamai &quot;Karimunjawa&quot; hingga kini.[2]\r\n\r\nAmir Hasan kelak dikenal sebagai Sunan Nyamplungan karena menanam tanaman Nyamplung disana, yang ternyata bermanfaat sebagai pemecah angin', 'https://goo.gl/maps/rzHeujg9MSzopfSH9', 5, '2022-06-24'),
(5, 'Malioboro', 'Malioboro.jpg', 'Malioboro adalah nama salah satu kawasan jalan dari tiga jalan di Kota Yogyakarta yang membentang dari Tugu Yogyakarta hingga ke perempatan Kantor Pos Yogyakarta. Secara keseluruhan terdiri atas Jalan Margo Utomo, Jalan Malioboro, dan Jalan Margo Mulyo. Jalan ini merupakan poros Garis Imajiner Kraton Yogyakarta.\r\n\r\n\r\nKereta api Malioboro sumber inspirasi dari nama Jalan Malioboro untuk mengangkut penumpang dari Yogyakarta tujuan Malang.\r\nJalan ini menghubungkan Tugu Yogyakarta hingga menjelang kompleks Keraton Yogyakarta. Jalan ini berakhir di Pasar Beringharjo (di sisi timur). Dari titik ini nama jalan berubah menjadi Jalan Achmad Yani. Di sini terdapat bekas kediaman gubernur Hindia-Belanda di sisi barat dan Benteng Vredeburg di sisi timur.\r\n\r\nPada tanggal 20 Desember 2013 oleh Sri Sultan Hamengkubuwono X nama dua ruas jalan Malioboro dikembalikan ke nama aslinya, Jalan Pangeran Mangkubumi menjadi jalan Margo Utomo, dan Jalan Jenderal Achmad Yani menjadi jalan Margo Mulyo.[1]\r\n\r\nTerdapat beberapa objek bersejarah di kawasan tiga jalan ini antara lain Tugu Yogyakarta, Stasiun Tugu, Gedung Agung, Pasar Beringharjo, Benteng Vredeburg, dan Monumen Serangan Umum 1 Maret.\r\n\r\nJalan Malioboro terkenal dengan para pedagang kaki lima yang menjajakan kerajinan khas Jogja dan warung-warung lesehan di malam hari yang menjual kuliner Jogja seperti gudeg. Jalan ini juga terkenal sebagai tempat berkumpulnya para seniman yang sering mengekspresikan kemampuan mereka seperti bermain musik, melukis, happening art, pantomim, dan lain-lain.\r\n\r\n\r\n', 'https://jogjaprov.go.id/', 4, '2022-06-25'),
(6, 'Pantai parangtritis', 'Pantai-Parangtritis.jpg', 'Pantai Parangtritis (bahasa Jawa: ꦥꦱꦶꦱꦶꦂ ꦥꦫꦁꦠꦿꦶꦠꦶꦱ꧀, translit. Pasisir Parangtritis) adalah tempat wisata yang terletak di Desa Parangtritis, Kapanéwon Kretek, Kabupaten Bantul, Daerah Istimewa Yogyakarta. Jaraknya kurang lebih 27 km dari pusat Kota Yogyakarta. Pantai ini menjadi salah satu destinasi wisata terkenal di Yogyakarta dan telah menjadi ikon pariwisata di Yogyakarta. Pantai ini mempunyai nilai simbolis yang merupakan garis yang bersifat magis yang menghubungkan Panggung Krapyak, Keraton Yogyakarta, Tugu Yogyakarta dan Gunung Merapi yang dikenal sebagai Garis Imajiner Yogyakarta.\r\n\r\nPantai yang terletak di sisi timur Pantai Parangkusumo ini memiliki legenda yang melekat dengan Ratu Kidul sebagai penguasa laut selatan dan keindahannya. Pantai ini merupakan pantai yang cukup luas di Yogyakarta, berbeda dengan pantai-pantai di kawasan Yogyakarta lainya seperti Pantai di Gunungkidul yang ukurannya relatif kecil.', 'https://goo.gl/maps/hTR8RY2BynBibXn18', 4, '2022-06-24'),
(7, 'Benteng vastenburg', 'benteng_vastenburg.jpg', 'Benteng Vastenburg adalah benteng peninggalan Belanda yang terletak di kelurahan Kedung Lumbu, kecamatan Pasar Kliwon, kota Surakarta, Jawa Tengah. Benteng ini dibangun tahun 1745 atas perintah Gubernur Jenderal Baron Van Imhoff. Sebagai bagian dari pengawasan Belanda terhadap penguasa Surakarta, khususnya terhadap keraton Surakarta, benteng ini dibangun, sekaligus sebagai pusat garnisun. Di seberangnya terletak kediaman gubernur Belanda (sekarang kantor Balai Kota Surakarta) di kawasan Gladak.\r\n\r\nBentuk tembok benteng berupa bujur sangkar yang ujung-ujungnya terdapat penonjolan ruang yang disebut selekoh (bastion). Di sekeliling tembok benteng terdapat parit yang berfungsi sebagai perlindungan dengan jembatan di pintu depan dan belakang. Bangunan terdiri dari beberapa barak yang terpisah dengan fungsi masing-masing dalam militer. Di tengahnya terdapat lahan terbuka untuk persiapan pasukan atau apel bendera.\r\n\r\nSetelah kemerdekaan, benteng ini digunakan sebagai markas TNI untuk mempertahankan kemerdekaan. Pada masa 1970-1980-an bangunan ini digunakan sebagai tempat pelatihan keprajuritan dan pusat Brigade Infanteri 6/Trisakti Baladaya Kostrad untuk wilayah Karesidenan Surakarta dan sekitarnya.\r\n\r\nSetelah lama tidak terpakai sejak 1980-an, benteng ini penuh semak belukar dan tak terawat.Sejak kepemimpinan Joko Widodo, perubahan dan restorasi mulai terlihat. Pada tahun 2014, restorasi terhadap Benteng Vastenburg sangat terlihat dari cat yang mengelupas dicat ulang dengan warna putih.', 'https://goo.gl/maps/JTiFDx8DptxZwczf9', 3, '2022-06-24'),
(8, 'Taman Satwa taru jurug', 'Taman-Satwa-Taru-Jurug.jpg', 'Taman Satwa Taru Jurug atau Kebun Binatang Jurug Taman Satwa Taru Jurug) merupakan salah satu objek wisata di Kota Surakarta, Jawa Tengah yang dibangun pada tahun 1878.Taman Jurug menawarkan lokasi yang indah untuk beristirahat. Di dalamnya, terdapat berbagai spesies hewan dan tumbuhan. Dengan konsep wisata alam, jalan-jalan yang ada di dalam taman dikelilingi pohon-pohon besar dan rindang. Di dalam lokasi taman, kita akan sering menjumpai kawanan monyet dan berbagai jenis spesies burung.\r\n\r\nTaman Satwa Taru Jurug (TSTJ) berlokasi di bagian timur kota Solo, di dekat perbatasan dengan Karanganyar. Taman wisata ini, yang dahulu sempat menjadi primadona pariwisata di kota Solo, seakan kehilangan pamornya karena kurangnya pengelolaan selama bertahun-tahun.', 'https://g.page/Jurugsolozoo?share', 3, '2022-06-24'),
(9, 'Museum Kretek', 'Wisata_Museum_Kretek_di_Kabupaten_Kudus.jpg', 'Museum Kretek Kudus merupakan satu-satunya museum rokok yang ada di Indonesia. Di museum itu, kamu bisa belajar tentang sejarah produksi rokok Indonesia yang mendunia.\r\n\r\nMuseum yang diresmikan Gubernur Jawa Tengah Soepardjo Roestam pada 3 Oktober 1986 ini adalah satu-satunya museum rokok di Indonesia. Di atas lahan seluas 2,5 hektare itu,  Museum Kretek menyuguhkan jejak kekayaan Nusantara berupa produk rokok yang mendunia.\r\nSejumlah 1.195 koleksi kisah tentang sejarah munculnya rokok kretek hingga proses produksi rokok kretek tersimpan di sana. Mulai dari gambar dokumentasi, alat giling cengkeh, alat giling tembakau, alat perajang tembakau, hingga miniatur jenis-jenis produk rokok kretek dari zaman dahulu ada di Museum Kretek.\r\n\r\nNggak hanya itu, museum yang dikelola Dinas Kebudayaan dan Pariwisata Kabupaten Kudus ini juga menawarkan sejumlah fasilitas taman bermain anak dan tempat hiburan keluarga seperti waterboom dan bioskop mini. Kamu bisa menonton film tentang sejarah kretek di Kudus di bioskop itu.\r\n\r\nSelain kretek, museum ini juga dilengkapi dengan replika rumah adat Kudus. Rumah berjuluk Joglo Pencu itu dapat kamu temukan di halaman museum.', 'https://goo.gl/maps/4Y6KkTJuedSM3UMK8', 10, '2022-06-24'),
(10, 'Air terjun montel', 'download_(7).jpg', 'Air Terjun Montel merupakan air terjun tunggal dengan memiliki tinggi sekitar 50 meter. Aliran airnya sangat jernih dan bersih, keluar diantara tebing yang menjulang tinggi. Dan berada di lereng Gunung Muria.\r\n\r\nSehingga udara yang kamu rasakan akan sangat sejuk. Airnya jatuh ke dasar kolam yang berada dibawahnya, kolamnya tidak terlalu besar namun tetap asyik untuk digunakan sebagai arena bermain air.\r\nAir terjunnya akan mengalir sangat deras jika musim penghujan, sedangkan jika musim kemarau tiba maka air yang mengalir di Air Terjun Montel akan sangat sedikit sekali bahkan sampai tidak ada.Airnya terus mengalir menuju sungai yang ada didepannya, sungai tersebut dipenuhi dengan bebatuan. Aliran airnya sangat jernih dan bersih, sampai-sampai kamu dapat melihat dasar kolamnya.', 'https://g.page/air-terjun-montel?share', 10, '2022-06-25');

--
-- Indexes for dumped tables
--

--
-- Indexes for table `tb_budaya`
--
ALTER TABLE `tb_budaya`
  ADD PRIMARY KEY (`id_budaya`);

--
-- Indexes for table `tb_kerajinan`
--
ALTER TABLE `tb_kerajinan`
  ADD PRIMARY KEY (`id_kerajinan`);

--
-- Indexes for table `tb_kota`
--
ALTER TABLE `tb_kota`
  ADD PRIMARY KEY (`id_kota`);

--
-- Indexes for table `tb_kuliner`
--
ALTER TABLE `tb_kuliner`
  ADD PRIMARY KEY (`id_kuliner`);

--
-- Indexes for table `tb_user`
--
ALTER TABLE `tb_user`
  ADD PRIMARY KEY (`id_user`);

--
-- Indexes for table `tb_wisata`
--
ALTER TABLE `tb_wisata`
  ADD PRIMARY KEY (`id_wisata`);

--
-- AUTO_INCREMENT for dumped tables
--

--
-- AUTO_INCREMENT for table `tb_budaya`
--
ALTER TABLE `tb_budaya`
  MODIFY `id_budaya` int(11) NOT NULL AUTO_INCREMENT, AUTO_INCREMENT=32;

--
-- AUTO_INCREMENT for table `tb_kerajinan`
--
ALTER TABLE `tb_kerajinan`
  MODIFY `id_kerajinan` int(11) NOT NULL AUTO_INCREMENT, AUTO_INCREMENT=12;

--
-- AUTO_INCREMENT for table `tb_kota`
--
ALTER TABLE `tb_kota`
  MODIFY `id_kota` int(11) NOT NULL AUTO_INCREMENT, AUTO_INCREMENT=12;

--
-- AUTO_INCREMENT for table `tb_kuliner`
--
ALTER TABLE `tb_kuliner`
  MODIFY `id_kuliner` int(11) NOT NULL AUTO_INCREMENT, AUTO_INCREMENT=11;

--
-- AUTO_INCREMENT for table `tb_user`
--
ALTER TABLE `tb_user`
  MODIFY `id_user` int(11) NOT NULL AUTO_INCREMENT, AUTO_INCREMENT=5;

--
-- AUTO_INCREMENT for table `tb_wisata`
--
ALTER TABLE `tb_wisata`
  MODIFY `id_wisata` int(11) NOT NULL AUTO_INCREMENT, AUTO_INCREMENT=11;
COMMIT;

/*!40101 SET CHARACTER_SET_CLIENT=@OLD_CHARACTER_SET_CLIENT */;
/*!40101 SET CHARACTER_SET_RESULTS=@OLD_CHARACTER_SET_RESULTS */;
/*!40101 SET COLLATION_CONNECTION=@OLD_COLLATION_CONNECTION */;
